num__pulse,num__respiratory_rate,num__packed_cell_volume,num__total_protein,cat__surgery_1.0,cat__surgery_2.0,cat__temperature_of_extremities_1.0,cat__temperature_of_extremities_2.0,cat__temperature_of_extremities_3.0,cat__peripheral_pulse_1.0,cat__peripheral_pulse_3.0,cat__mucous_membranes_1.0,cat__mucous_membranes_4.0,cat__capillary_refill_time_1.0,cat__capillary_refill_time_2.0,cat__pain_1.0,cat__pain_4.0,cat__pain_5.0,cat__peristalsis_1.0,cat__peristalsis_2.0,cat__peristalsis_4.0,cat__abdominal_distension_1.0,cat__abdominal_distension_2.0,cat__abdominal_distension_3.0,cat__abdominal_distension_4.0,surgical_lesion
0.050725209488912036,0.14828105664454302,0.0,0.08789850496305394,0.0,1.0,0.0,0.0,1.0,0.0,1.0,1.0,0.0,0.0,1.0,0.0,0.0,1.0,0.0,0.0,1.0,0.0,0.0,0.0,1.0,2
0.504925381462098,-0.4666806932481356,0.41396620647960436,0.9515685462550898,1.0,0.0,0.0,0.0,1.0,1.0,0.0,0.0,1.0,1.0,0.0,0.0,0.0,0.0,0.0,0.0,1.0,0.0,1.0,0.0,0.0,2
-0.8289252848418266,-0.14147504076197664,-1.2485308213769664,-0.10599482002465956,0.0,1.0,1.0,0.0,0.0,1.0,0.0,0.0,0.0,1.0,0.0,0.0,0.0,0.0,0.0,0.0,0.0,1.0,0.0,0.0,0.0,2
0.6353775764609791,0.6045338653197206,0.25419384041657195,-0.04111848264704096,1.0,0.0,0.0,0.0,0.0,1.0,0.0,0.0,0.0,0.0,1.0,0.0,0.0,0.0,0.0,0.0,1.0,0.0,0.0,0.0,1.0,1
0.7526370548206079,0.5927835652959861,-0.10703571576731977,-0.017208925134105702,0.0,1.0,0.0,0.0,1.0,1.0,0.0,0.0,0.0,0.0,1.0,0.0,0.0,0.0,0.0,0.0,0.0,1.0,0.0,0.0,0.0,2
0.15249677850752327,0.05854601515100982,0.08486649918288185,0.6767083606381289,0.0,1.0,0.0,1.0,0.0,1.0,0.0,0.0,0.0,1.0,0.0,0.0,0.0,0.0,0.0,0.0,0.0,0.0,1.0,0.0,0.0,2
-0.49507461853790197,-0.8399130962860476,-0.7828325124222802,-0.06615228948790797,1.0,0.0,1.0,0.0,0.0,1.0,0.0,1.0,0.0,1.0,0.0,0.0,0.0,0.0,0.0,0.0,0.0,0.0,0.0,1.0,0.0,1
-0.10776787018252632,-0.1110636526628131,-0.08897040035860039,0.07834740410238457,1.0,0.0,0.0,0.0,1.0,1.0,0.0,1.0,0.0,1.0,0.0,0.0,0.0,0.0,0.0,0.0,1.0,0.0,1.0,0.0,0.0,1
0.35839262304488373,0.6510747593550796,-0.675138111442679,-0.1793239718279714,0.0,1.0,0.0,0.0,1.0,0.0,0.0,0.0,0.0,1.0,0.0,0.0,1.0,0.0,0.0,0.0,1.0,0.0,0.0,0.0,1.0,1
0.5389189313791445,0.2824946116564846,-0.4689194360358664,-0.1793239718279714,0.0,1.0,1.0,0.0,0.0,1.0,0.0,1.0,0.0,1.0,0.0,0.0,0.0,1.0,0.0,0.0,0.0,1.0,0.0,0.0,0.0,2
0.050725209488912036,-1.2827134459997478,-0.08897040035860039,-0.21141132070246016,1.0,0.0,0.0,0.0,1.0,0.0,1.0,0.0,0.0,1.0,0.0,0.0,0.0,0.0,0.0,0.0,0.0,1.0,0.0,0.0,0.0,1
0.19188668080868743,1.4589727914762964,0.41396620647960436,0.027532749574440313,0.0,1.0,0.0,1.0,0.0,1.0,0.0,0.0,0.0,1.0,0.0,0.0,0.0,0.0,1.0,0.0,0.0,0.0,1.0,0.0,0.0,1
-0.7380220226414916,-1.2827134459997478,-0.6329410717682061,-0.06615228948790797,1.0,0.0,0.0,1.0,0.0,1.0,0.0,1.0,0.0,1.0,0.0,0.0,0.0,0.0,0.0,0.0,0.0,0.0,0.0,1.0,0.0,2
0.5719618837020796,0.14828105664454302,-0.7828325124222802,-0.19515483562139196,0.0,1.0,1.0,0.0,0.0,1.0,0.0,0.0,0.0,1.0,0.0,1.0,0.0,0.0,0.0,0.0,0.0,0.0,1.0,0.0,0.0,2
0.27793088599695814,0.14828105664454302,0.08678629648152629,0.9454530999524865,1.0,0.0,0.0,0.0,1.0,1.0,0.0,1.0,0.0,1.0,0.0,0.0,0.0,0.0,0.0,0.0,1.0,1.0,0.0,0.0,0.0,1
0.6353775764609791,1.275489163438758,0.0,-0.09239334732292308,1.0,0.0,0.0,0.0,1.0,1.0,0.0,0.0,1.0,1.0,0.0,0.0,0.0,1.0,0.0,0.0,0.0,0.0,0.0,1.0,0.0,1
1.044910125028805,0.6510747593550796,0.6406619868447906,0.027532749574440313,1.0,0.0,0.0,0.0,1.0,0.0,1.0,0.0,1.0,0.0,1.0,0.0,1.0,0.0,0.0,0.0,1.0,0.0,0.0,1.0,0.0,2
-0.49507461853790197,-0.14147504076197664,0.5216031999927534,0.7777102073694152,0.0,1.0,0.0,0.0,1.0,1.0,0.0,1.0,0.0,1.0,0.0,0.0,0.0,0.0,0.0,0.0,0.0,1.0,0.0,0.0,0.0,2
0.0,-0.38147370409052994,-0.4689194360358664,-0.06615228948790797,1.0,0.0,1.0,0.0,0.0,1.0,0.0,0.0,0.0,1.0,0.0,0.0,0.0,0.0,0.0,0.0,0.0,1.0,0.0,0.0,0.0,1
0.8332652831465981,0.5927835652959861,0.7839367543499478,0.11543745444291623,0.0,1.0,0.0,0.0,0.0,0.0,1.0,0.0,0.0,1.0,0.0,0.0,0.0,0.0,0.0,0.0,0.0,0.0,0.0,1.0,0.0,2
0.19188668080868743,1.7980418302808194,0.08678629648152629,-0.19515483562139196,1.0,0.0,1.0,0.0,0.0,1.0,0.0,0.0,0.0,0.0,1.0,0.0,0.0,1.0,0.0,0.0,1.0,0.0,0.0,0.0,1.0,1
-0.49507461853790197,-0.8399130962860476,0.33499332896376843,-0.09239334732292308,0.0,1.0,1.0,0.0,0.0,1.0,0.0,1.0,0.0,1.0,0.0,1.0,0.0,0.0,0.0,0.0,0.0,1.0,0.0,0.0,0.0,2
-0.7380220226414916,0.5333193067518645,0.25419384041657195,-0.04111848264704096,1.0,0.0,0.0,1.0,0.0,1.0,0.0,0.0,1.0,1.0,0.0,0.0,0.0,0.0,0.0,0.0,0.0,1.0,0.0,0.0,0.0,1
1.066060454887093,1.7980418302808194,0.41396620647960436,0.9253121168375584,1.0,0.0,0.0,0.0,1.0,0.0,1.0,1.0,0.0,1.0,0.0,0.0,0.0,0.0,0.0,0.0,1.0,1.0,0.0,0.0,0.0,1
-0.10776787018252632,-1.2827134459997478,0.491188388963255,0.9140790110997692,1.0,0.0,0.0,0.0,1.0,0.0,1.0,0.0,0.0,1.0,0.0,0.0,0.0,0.0,0.0,0.0,1.0,0.0,0.0,1.0,0.0,1
-0.10776787018252632,0.9789592609485801,-0.38963023616334963,0.4985034560344204,0.0,1.0,0.0,0.0,1.0,1.0,0.0,1.0,0.0,1.0,0.0,0.0,0.0,0.0,0.0,0.0,0.0,1.0,0.0,0.0,0.0,2
0.19188668080868743,0.2824946116564846,-0.18023027560624483,-0.06615228948790797,1.0,0.0,0.0,0.0,0.0,0.0,1.0,0.0,0.0,0.0,1.0,0.0,0.0,0.0,0.0,0.0,0.0,0.0,0.0,1.0,0.0,1
-0.49507461853790197,-1.2827134459997478,-0.7828325124222802,-0.2997371792200036,1.0,0.0,0.0,0.0,1.0,1.0,0.0,1.0,0.0,1.0,0.0,0.0,0.0,0.0,0.0,0.0,0.0,0.0,1.0,0.0,0.0,2
0.15249677850752327,0.05854601515100982,0.08486649918288185,0.6767083606381289,1.0,0.0,0.0,0.0,1.0,1.0,0.0,1.0,0.0,1.0,0.0,0.0,0.0,0.0,0.0,0.0,0.0,1.0,0.0,0.0,0.0,2
-0.49507461853790197,-0.3647671797235926,0.0,0.9369702113976107,0.0,1.0,0.0,1.0,0.0,1.0,0.0,1.0,0.0,1.0,0.0,1.0,0.0,0.0,1.0,0.0,0.0,1.0,0.0,0.0,0.0,2
0.6353775764609791,0.2824946116564846,1.4796629867168676,-0.005651878059197703,0.0,1.0,0.0,0.0,1.0,0.0,1.0,0.0,1.0,0.0,1.0,0.0,0.0,1.0,0.0,0.0,1.0,0.0,0.0,0.0,1.0,1
0.8070269683007294,-1.2827134459997478,0.5667312529922452,0.06860088384203906,0.0,1.0,0.0,0.0,1.0,0.0,1.0,0.0,1.0,0.0,1.0,0.0,0.0,0.0,0.0,0.0,1.0,0.0,1.0,0.0,0.0,1
-0.10776787018252632,-0.1110636526628131,-0.18023027560624483,-0.1199331277486725,1.0,0.0,0.0,1.0,0.0,1.0,0.0,1.0,0.0,1.0,0.0,0.0,0.0,0.0,0.0,0.0,0.0,0.0,0.0,1.0,0.0,1
0.0,0.14828105664454302,0.33499332896376843,0.10643794921135546,1.0,0.0,1.0,0.0,0.0,1.0,0.0,1.0,0.0,1.0,0.0,0.0,0.0,0.0,1.0,0.0,0.0,1.0,0.0,0.0,0.0,1
0.6955056793366761,0.2824946116564846,0.5667312529922452,-0.1199331277486725,1.0,0.0,0.0,0.0,1.0,0.0,1.0,0.0,1.0,0.0,1.0,0.0,0.0,1.0,0.0,0.0,1.0,0.0,0.0,0.0,1.0,1
0.7526370548206079,-0.14147504076197664,1.8575402560127763,0.08789850496305394,0.0,1.0,0.0,0.0,0.0,0.0,1.0,0.0,0.0,0.0,1.0,0.0,1.0,0.0,0.0,0.0,1.0,0.0,0.0,1.0,0.0,1
0.8589005653482882,-0.8399130962860476,0.491188388963255,-0.21141132070246016,0.0,1.0,0.0,0.0,1.0,0.0,1.0,0.0,0.0,0.0,1.0,0.0,0.0,0.0,0.0,0.0,0.0,1.0,0.0,0.0,0.0,2
0.19188668080868743,-0.1110636526628131,0.8533969412968931,0.9438354845423046,1.0,0.0,0.0,0.0,1.0,0.0,1.0,1.0,0.0,1.0,0.0,0.0,0.0,1.0,0.0,0.0,0.0,1.0,0.0,0.0,0.0,1
-0.3534899550590994,-0.3152866217357187,-1.3747919029993654,-0.1199331277486725,0.0,1.0,1.0,0.0,0.0,1.0,0.0,1.0,0.0,1.0,0.0,0.0,0.0,0.0,0.0,0.0,0.0,0.0,1.0,0.0,0.0,2
1.221511114424469,0.16199571642968247,-0.19876678917264892,-0.061051719540412074,1.0,0.0,0.0,0.0,1.0,1.0,0.0,1.0,0.0,1.0,0.0,0.0,0.0,0.0,0.0,0.0,0.0,1.0,0.0,0.0,0.0,1
0.504925381462098,0.20273960167282892,1.3036471212940635,-0.1342212109082395,1.0,0.0,0.0,0.0,1.0,0.0,1.0,0.0,0.0,0.0,1.0,0.0,0.0,1.0,0.0,0.0,0.0,0.0,0.0,1.0,0.0,1
0.8017047117571492,0.7420338640381886,0.17148689699830663,0.09726012166773601,0.0,1.0,0.0,0.0,1.0,1.0,0.0,1.0,0.0,1.0,0.0,0.0,0.0,0.0,0.0,0.0,0.0,1.0,0.0,0.0,0.0,1
-0.10776787018252632,-1.2827134459997478,0.17148689699830663,-0.06615228948790797,0.0,1.0,0.0,0.0,1.0,1.0,0.0,0.0,0.0,1.0,0.0,0.0,0.0,0.0,0.0,0.0,0.0,1.0,0.0,0.0,0.0,2
0.9558748451019483,1.4230909858178022,0.5667312529922452,0.9187588957273535,1.0,0.0,0.0,0.0,1.0,0.0,0.0,0.0,1.0,1.0,0.0,0.0,1.0,0.0,0.0,0.0,1.0,0.0,0.0,0.0,1.0,1
1.1658946242049206,-0.14147504076197664,0.921477805909362,0.9231865043752824,1.0,0.0,0.0,0.0,1.0,0.0,1.0,0.0,1.0,0.0,1.0,0.0,1.0,0.0,0.0,0.0,1.0,1.0,0.0,0.0,0.0,1
0.9558748451019483,0.6510747593550796,1.1179360712924595,-0.1342212109082395,0.0,1.0,0.0,0.0,0.0,0.0,1.0,0.0,1.0,0.0,1.0,0.0,0.0,1.0,0.0,0.0,1.0,0.0,0.0,0.0,1.0,1
-0.10776787018252632,-0.9429395757051987,1.4220095787810016,-0.005651878059197703,1.0,0.0,0.0,0.0,1.0,1.0,0.0,0.0,1.0,0.0,1.0,0.0,0.0,1.0,0.0,0.0,1.0,0.0,0.0,0.0,1.0,1
-0.49507461853790197,-0.8399130962860476,-0.7828325124222802,-0.1342212109082395,0.0,1.0,1.0,0.0,0.0,1.0,0.0,1.0,0.0,1.0,0.0,1.0,0.0,0.0,1.0,0.0,0.0,1.0,0.0,0.0,0.0,2
0.35839262304488373,1.0809259381527097,0.7130439085249491,-0.1342212109082395,1.0,0.0,0.0,0.0,1.0,0.0,1.0,0.0,0.0,0.0,1.0,0.0,0.0,0.0,0.0,0.0,0.0,0.0,0.0,1.0,0.0,1
0.4338840765472911,1.275489163438758,1.8575402560127763,-0.2997371792200036,0.0,1.0,0.0,0.0,1.0,0.0,1.0,0.0,0.0,0.0,1.0,0.0,1.0,0.0,1.0,0.0,0.0,0.0,1.0,0.0,0.0,2
-0.5715854125624982,-0.2033606272745618,0.33499332896376843,0.14975422259526333,0.0,1.0,1.0,0.0,0.0,1.0,0.0,0.0,0.0,1.0,0.0,1.0,0.0,0.0,0.0,0.0,0.0,0.0,1.0,0.0,0.0,2
0.4338840765472911,0.6510747593550796,-0.4290558897441408,-0.08704429551258085,1.0,0.0,1.0,0.0,0.0,1.0,0.0,0.0,0.0,0.0,1.0,0.0,0.0,0.0,0.0,0.0,0.0,0.0,1.0,0.0,0.0,1
0.19188668080868743,0.021688218515075044,-0.18023027560624483,0.016710744004113584,0.0,1.0,1.0,0.0,0.0,1.0,0.0,0.0,0.0,1.0,0.0,1.0,0.0,0.0,0.0,0.0,0.0,1.0,0.0,0.0,0.0,2
-0.8289252848418266,-0.4666806932481356,-0.3700788174086827,-0.14887268850522356,0.0,1.0,0.0,0.0,1.0,1.0,0.0,1.0,0.0,1.0,0.0,0.0,0.0,0.0,0.0,0.0,0.0,1.0,0.0,0.0,0.0,2
0.8839569853399476,0.6510747593550796,0.921477805909362,0.05865275580468802,0.0,1.0,0.0,0.0,1.0,0.0,1.0,1.0,0.0,0.0,1.0,0.0,0.0,0.0,0.0,0.0,0.0,0.0,0.0,1.0,0.0,1
0.4338840765472911,-0.4666806932481356,-0.675138111442679,0.5625512715236649,1.0,0.0,0.0,0.0,1.0,1.0,0.0,0.0,0.0,1.0,0.0,0.0,0.0,0.0,0.0,0.0,0.0,0.0,0.0,0.0,1.0,1
-0.0314120951020421,-0.3152866217357187,-2.575230775333169,-0.10599482002465956,1.0,0.0,0.0,0.0,1.0,1.0,0.0,1.0,0.0,1.0,0.0,0.0,0.0,0.0,0.0,0.0,0.0,1.0,0.0,0.0,0.0,1
0.0,0.6510747593550796,-0.27389262427685257,0.016710744004113584,1.0,0.0,0.0,1.0,0.0,1.0,0.0,0.0,0.0,1.0,0.0,0.0,0.0,1.0,0.0,0.0,0.0,0.0,0.0,1.0,0.0,1
-0.14188979718106326,-0.4666806932481356,0.6406619868447906,-0.22811119912561897,1.0,0.0,0.0,0.0,0.0,0.0,1.0,0.0,0.0,1.0,0.0,0.0,0.0,1.0,0.0,0.0,1.0,0.0,0.0,1.0,0.0,1
0.6353775764609791,0.39807515128373905,1.1179360712924595,0.08600362991236529,0.0,1.0,0.0,0.0,1.0,0.0,1.0,0.0,0.0,0.0,1.0,0.0,0.0,1.0,0.0,0.0,1.0,0.0,0.0,0.0,1.0,1
-0.49507461853790197,0.4106342498274407,-0.7828325124222802,-0.10599482002465956,0.0,1.0,1.0,0.0,0.0,1.0,0.0,0.0,0.0,1.0,0.0,0.0,0.0,0.0,1.0,0.0,0.0,1.0,0.0,0.0,0.0,2
-0.10776787018252632,-0.1110636526628131,-0.08897040035860039,0.016710744004113584,0.0,1.0,0.0,1.0,0.0,0.0,0.0,1.0,0.0,1.0,0.0,1.0,0.0,0.0,0.0,1.0,0.0,0.0,1.0,0.0,0.0,2
0.504925381462098,-0.2990007563901423,1.3633487942445754,0.0484965647527231,1.0,0.0,0.0,1.0,0.0,1.0,0.0,0.0,0.0,1.0,0.0,0.0,0.0,0.0,0.0,0.0,0.0,1.0,0.0,0.0,0.0,1
1.066060454887093,-0.8399130962860476,1.4220095787810016,0.9470339804344845,0.0,1.0,0.0,0.0,0.0,0.0,1.0,0.0,1.0,0.0,1.0,0.0,0.0,0.0,0.0,0.0,1.0,0.0,0.0,0.0,1.0,2
0.0,0.6510747593550796,-0.08897040035860039,-0.005651878059197703,1.0,0.0,0.0,0.0,1.0,1.0,0.0,0.0,1.0,0.0,1.0,0.0,0.0,0.0,0.0,0.0,0.0,0.0,1.0,0.0,0.0,1
-0.10776787018252632,0.6510747593550796,-2.2376677085104077,0.9293985858183289,1.0,0.0,0.0,0.0,1.0,1.0,0.0,0.0,0.0,1.0,0.0,0.0,0.0,0.0,0.0,0.0,0.0,0.0,1.0,0.0,0.0,1
0.19188668080868743,-0.1110636526628131,0.9882298222227482,0.9332794770274182,0.0,1.0,1.0,0.0,0.0,1.0,0.0,0.0,0.0,0.0,1.0,0.0,0.0,0.0,0.0,0.0,0.0,1.0,0.0,0.0,0.0,1
-0.2877695917106544,-0.14147504076197664,0.33499332896376843,-0.04111848264704096,0.0,1.0,1.0,0.0,0.0,1.0,0.0,1.0,0.0,1.0,0.0,1.0,0.0,0.0,0.0,0.0,0.0,1.0,0.0,0.0,0.0,2
-0.3534899550590994,-0.8399130962860476,0.7839367543499478,-0.04111848264704096,0.0,1.0,1.0,0.0,0.0,1.0,0.0,0.0,0.0,1.0,0.0,0.0,0.0,0.0,0.0,0.0,0.0,1.0,0.0,0.0,0.0,2
-0.49507461853790197,-1.2827134459997478,-0.27389262427685257,-0.16390190349047962,0.0,1.0,1.0,0.0,0.0,1.0,0.0,1.0,0.0,1.0,0.0,1.0,0.0,0.0,0.0,0.0,0.0,1.0,0.0,0.0,0.0,2
-0.10776787018252632,-0.4666806932481356,-0.18023027560624483,0.005651878059197677,0.0,1.0,0.0,0.0,1.0,1.0,0.0,1.0,0.0,1.0,0.0,0.0,0.0,0.0,0.0,0.0,0.0,0.0,0.0,1.0,0.0,1
-0.49507461853790197,0.14828105664454302,0.08678629648152629,-0.22811119912561897,1.0,0.0,1.0,0.0,0.0,1.0,0.0,1.0,0.0,1.0,0.0,1.0,0.0,0.0,0.0,1.0,0.0,1.0,0.0,0.0,0.0,2
-0.22506272416295112,-0.0809938100076787,0.25419384041657195,0.8444254687409283,1.0,0.0,0.0,0.0,1.0,1.0,0.0,1.0,0.0,1.0,0.0,0.0,0.0,0.0,0.0,0.0,0.0,1.0,0.0,0.0,0.0,1
-0.3534899550590994,-0.14147504076197664,0.7130439085249491,-0.005651878059197703,1.0,0.0,1.0,0.0,0.0,1.0,0.0,0.0,0.0,1.0,0.0,0.0,1.0,0.0,0.0,0.0,0.0,1.0,0.0,0.0,0.0,1
0.31074889937921146,-0.0809938100076787,-0.7828325124222802,-0.4242392175889453,1.0,0.0,0.0,0.0,1.0,1.0,0.0,1.0,0.0,1.0,0.0,0.0,0.0,0.0,0.0,0.0,0.0,1.0,0.0,0.0,0.0,1
0.6955056793366761,0.7643498541053491,0.25419384041657195,0.8923374438548761,1.0,0.0,0.0,0.0,1.0,0.0,1.0,0.0,0.0,0.0,1.0,0.0,0.0,0.0,0.0,0.0,0.0,1.0,0.0,0.0,0.0,1
-0.9257381200207093,-0.4666806932481356,-0.7828325124222802,0.9210029161323287,1.0,0.0,0.0,0.0,1.0,0.0,1.0,1.0,0.0,1.0,0.0,0.0,0.0,0.0,0.0,0.0,0.0,0.0,1.0,0.0,0.0,1
-0.3534899550590994,-0.4666806932481356,-1.2485308213769664,0.9387486684094389,0.0,1.0,0.0,1.0,0.0,1.0,0.0,1.0,0.0,1.0,0.0,1.0,0.0,0.0,1.0,0.0,0.0,1.0,0.0,0.0,0.0,2
-0.31368189105609195,0.5333193067518645,0.08678629648152629,-0.22811119912561897,1.0,0.0,0.0,0.0,1.0,0.0,1.0,0.0,0.0,0.0,0.0,0.0,0.0,1.0,0.0,0.0,0.0,0.0,0.0,1.0,0.0,1
0.6353775764609791,-0.6462386837395251,1.6468912430078493,0.13292229221472573,1.0,0.0,1.0,0.0,0.0,0.0,1.0,0.0,0.0,0.0,1.0,0.0,0.0,0.0,0.0,0.0,1.0,0.0,1.0,0.0,0.0,1
0.6658334912607426,0.5927835652959861,0.17148689699830663,-0.14887268850522356,1.0,0.0,0.0,0.0,1.0,0.0,1.0,0.0,1.0,1.0,0.0,0.0,1.0,0.0,0.0,0.0,0.0,0.0,1.0,0.0,0.0,1
-0.8289252848418266,-0.25074469555923157,-0.8938166138711714,0.8769307494746139,1.0,0.0,0.0,0.0,1.0,0.0,1.0,1.0,0.0,1.0,0.0,0.0,0.0,0.0,0.0,0.0,0.0,0.0,1.0,0.0,0.0,1
0.6955056793366761,0.435589603241997,-0.8938166138711714,-0.2629173686710111,1.0,0.0,0.0,0.0,1.0,1.0,0.0,0.0,0.0,1.0,0.0,0.0,0.0,0.0,0.0,0.0,1.0,1.0,0.0,0.0,0.0,1
-0.01561164021582974,-0.14147504076197664,1.5920740194781215,0.027532749574440313,1.0,0.0,0.0,0.0,1.0,0.0,1.0,0.0,0.0,0.0,1.0,0.0,0.0,1.0,0.0,0.0,0.0,0.0,0.0,0.0,1.0,1
-0.10776787018252632,0.007255032033728806,-0.4689194360358664,-0.5213861300184538,1.0,0.0,1.0,0.0,0.0,0.0,1.0,0.0,0.0,0.0,1.0,0.0,0.0,0.0,0.0,0.0,0.0,0.0,0.0,1.0,0.0,1
-0.2877695917106544,0.2824946116564846,0.0,-0.1793239718279714,0.0,1.0,0.0,1.0,0.0,0.0,1.0,0.0,0.0,0.0,0.0,0.0,0.0,0.0,1.0,0.0,0.0,0.0,1.0,0.0,0.0,2
0.504925381462098,0.87353230247005,0.41396620647960436,0.016710744004113584,1.0,0.0,0.0,0.0,1.0,0.0,1.0,0.0,1.0,0.0,1.0,0.0,0.0,1.0,0.0,0.0,1.0,0.0,0.0,1.0,0.0,1
-0.8289252848418266,-0.8399130962860476,0.41396620647960436,-0.06615228948790797,0.0,1.0,0.0,0.0,1.0,1.0,0.0,1.0,0.0,1.0,0.0,0.0,0.0,0.0,0.0,0.0,0.0,1.0,0.0,0.0,0.0,1
0.0,0.87353230247005,-0.27389262427685257,-0.005651878059197703,0.0,1.0,1.0,0.0,0.0,1.0,0.0,0.0,0.0,1.0,0.0,0.0,0.0,0.0,0.0,0.0,0.0,0.0,1.0,0.0,0.0,2
-0.7380220226414916,-1.5419533830086833,-0.675138111442679,0.9038688072254812,0.0,1.0,1.0,0.0,0.0,1.0,0.0,1.0,0.0,1.0,0.0,1.0,0.0,0.0,1.0,0.0,0.0,1.0,0.0,0.0,0.0,2
-0.3534899550590994,-0.8399130962860476,0.6406619868447906,0.9530145453842946,0.0,1.0,0.0,0.0,1.0,1.0,0.0,1.0,0.0,1.0,0.0,0.0,0.0,0.0,0.0,0.0,0.0,1.0,0.0,0.0,0.0,1
0.8839569853399476,0.6510747593550796,0.921477805909362,0.05865275580468802,0.0,1.0,0.0,0.0,1.0,0.0,1.0,1.0,0.0,0.0,1.0,0.0,0.0,0.0,0.0,0.0,0.0,0.0,0.0,1.0,0.0,1
-0.42249083595193954,-0.4666806932481356,-0.27389262427685257,-0.1793239718279714,0.0,1.0,0.0,0.0,1.0,1.0,0.0,1.0,0.0,1.0,0.0,1.0,0.0,0.0,1.0,0.0,0.0,1.0,0.0,0.0,0.0,2
-0.2128616461749467,0.14828105664454302,-0.675138111442679,-0.1342212109082395,0.0,1.0,0.0,0.0,1.0,0.0,1.0,1.0,0.0,1.0,0.0,0.0,0.0,1.0,0.0,0.0,0.0,0.0,0.0,1.0,0.0,1
-0.49507461853790197,0.2824946116564846,0.25419384041657195,0.10643794921135546,0.0,1.0,0.0,0.0,0.0,1.0,0.0,0.0,0.0,1.0,0.0,0.0,0.0,0.0,0.0,1.0,0.0,1.0,0.0,0.0,0.0,2
-0.49507461853790197,-0.4666806932481356,-0.3700788174086827,0.9231865043752824,1.0,0.0,0.0,0.0,1.0,1.0,0.0,0.0,0.0,1.0,0.0,0.0,0.0,0.0,0.0,0.0,0.0,0.0,0.0,1.0,0.0,1
0.4338840765472911,0.6510747593550796,-0.08897040035860039,0.09726012166773601,0.0,1.0,0.0,0.0,1.0,1.0,0.0,0.0,0.0,1.0,0.0,0.0,0.0,0.0,0.0,0.0,0.0,1.0,0.0,0.0,0.0,1
0.504925381462098,0.4106342498274407,0.7839367543499478,0.9011195793113784,1.0,0.0,0.0,0.0,1.0,0.0,1.0,0.0,1.0,1.0,0.0,0.0,0.0,0.0,0.0,0.0,0.0,0.0,0.0,1.0,0.0,2
-0.6524168904238602,0.87353230247005,-0.3700788174086827,0.9011195793113784,0.0,1.0,0.0,1.0,0.0,1.0,0.0,0.0,0.0,1.0,0.0,1.0,0.0,0.0,0.0,0.0,0.0,0.0,1.0,0.0,0.0,2
0.8070269683007294,1.4140589793994287,1.0537008008722661,0.0484965647527231,0.0,1.0,0.0,0.0,1.0,0.0,1.0,0.0,0.0,0.0,1.0,0.0,0.0,0.0,0.0,0.0,1.0,0.0,0.0,1.0,0.0,2
-0.8289252848418266,-0.8399130962860476,-1.1264453934983192,0.916451844521164,1.0,0.0,0.0,0.0,1.0,0.0,1.0,1.0,0.0,1.0,0.0,1.0,0.0,0.0,0.0,0.0,0.0,1.0,0.0,0.0,0.0,2
-0.10776787018252632,-0.4666806932481356,-0.143444535746356,0.7261046905990742,1.0,0.0,0.0,0.0,0.0,0.0,1.0,0.0,1.0,0.0,1.0,0.0,0.0,1.0,0.0,0.0,1.0,1.0,0.0,0.0,0.0,1
-0.8289252848418266,-0.8399130962860476,-0.7828325124222802,0.8923374438548761,0.0,1.0,0.0,0.0,1.0,1.0,0.0,1.0,0.0,1.0,0.0,0.0,0.0,0.0,0.0,0.0,0.0,1.0,0.0,0.0,0.0,2
1.1658946242049206,0.3215440300511324,-0.5705552152502151,-0.33875462810258544,1.0,0.0,1.0,0.0,0.0,1.0,0.0,1.0,0.0,1.0,0.0,0.0,0.0,0.0,0.0,0.0,0.0,0.0,1.0,0.0,0.0,1
-0.3534899550590994,-0.14147504076197664,0.25419384041657195,-0.1199331277486725,1.0,0.0,1.0,0.0,0.0,0.0,1.0,0.0,0.0,1.0,0.0,0.0,1.0,0.0,0.0,0.0,1.0,1.0,0.0,0.0,0.0,1
0.14654928542492135,0.6510747593550796,-0.8938166138711714,-0.029028056745496557,1.0,0.0,1.0,0.0,0.0,1.0,0.0,0.0,0.0,0.0,1.0,0.0,0.0,0.0,0.0,0.0,0.0,0.0,1.0,0.0,0.0,1
-0.3534899550590994,-0.5015790034066904,-0.18023027560624483,-0.19515483562139196,1.0,0.0,0.0,0.0,1.0,0.0,1.0,0.0,0.0,1.0,0.0,0.0,0.0,0.0,0.0,0.0,0.0,1.0,0.0,0.0,0.0,1
-0.42249083595193954,0.4106342498274407,-0.08897040035860039,-0.06615228948790797,0.0,1.0,1.0,0.0,0.0,1.0,0.0,0.0,0.0,1.0,0.0,1.0,0.0,0.0,0.0,0.0,0.0,0.0,1.0,0.0,0.0,2
-0.10776787018252632,0.4106342498274407,0.6406619868447906,0.9116374798063247,1.0,0.0,0.0,0.0,0.0,0.0,1.0,0.0,0.0,0.0,1.0,0.0,1.0,0.0,0.0,0.0,1.0,0.0,0.0,0.0,1.0,1
0.4338840765472911,0.87353230247005,-0.8938166138711714,-0.1199331277486725,1.0,0.0,0.0,0.0,1.0,0.0,1.0,0.0,0.0,1.0,0.0,0.0,0.0,0.0,0.0,0.0,0.0,0.0,0.0,1.0,0.0,1
0.14654928542492135,-0.8399130962860476,1.1179360712924595,-0.005651878059197703,1.0,0.0,0.0,0.0,1.0,0.0,0.0,0.0,0.0,0.0,1.0,0.0,0.0,0.0,0.0,0.0,0.0,0.0,1.0,0.0,0.0,1
-0.8289252848418266,-0.8399130962860476,-0.675138111442679,0.8953582482863441,1.0,0.0,0.0,0.0,1.0,1.0,0.0,1.0,0.0,1.0,0.0,1.0,0.0,0.0,0.0,0.0,0.0,0.0,1.0,0.0,0.0,1
-0.8289252848418266,-0.021842961500120214,-0.5705552152502151,0.8892169191558025,1.0,0.0,0.0,1.0,0.0,1.0,0.0,1.0,0.0,1.0,0.0,1.0,0.0,0.0,0.0,0.0,0.0,1.0,0.0,0.0,0.0,1
-0.10776787018252632,0.14828105664454302,-0.38963023616334963,0.4985034560344204,1.0,0.0,0.0,0.0,1.0,1.0,0.0,1.0,0.0,1.0,0.0,0.0,0.0,0.0,0.0,0.0,0.0,1.0,0.0,0.0,0.0,1
-0.6524168904238602,-0.14147504076197664,0.41396620647960436,0.9387486684094389,1.0,0.0,0.0,0.0,1.0,1.0,0.0,0.0,1.0,1.0,0.0,0.0,0.0,1.0,0.0,0.0,1.0,0.0,0.0,1.0,0.0,1
0.269588685036812,0.87353230247005,0.0,0.9253121168375584,0.0,1.0,0.0,0.0,1.0,1.0,0.0,1.0,0.0,1.0,0.0,0.0,0.0,0.0,0.0,0.0,0.0,0.0,1.0,0.0,0.0,2
-0.6524168904238602,-1.2827134459997478,-0.27389262427685257,0.9140790110997692,1.0,0.0,1.0,0.0,0.0,1.0,0.0,1.0,0.0,1.0,0.0,0.0,0.0,0.0,0.0,0.0,0.0,0.0,0.0,1.0,0.0,1
0.23564901999191376,0.16199571642968247,0.10389023884883512,-0.10599482002465956,0.0,1.0,0.0,0.0,1.0,0.0,1.0,0.0,1.0,0.0,1.0,0.0,0.0,0.0,0.0,0.0,1.0,0.0,0.0,1.0,0.0,1
0.3188189103522593,0.2824946116564846,-1.1264453934983192,0.9351477116103895,1.0,0.0,1.0,0.0,0.0,1.0,0.0,1.0,0.0,1.0,0.0,0.0,0.0,1.0,0.0,0.0,0.0,1.0,0.0,0.0,0.0,1
-0.22506272416295112,-0.4666806932481356,0.08678629648152629,0.9253121168375584,0.0,1.0,0.0,1.0,0.0,1.0,0.0,0.0,0.0,1.0,0.0,1.0,0.0,0.0,0.0,0.0,0.0,1.0,0.0,0.0,0.0,2
-0.2877695917106544,-0.09598661235142943,-0.5705552152502151,-0.21141132070246016,1.0,0.0,1.0,0.0,0.0,1.0,0.0,0.0,0.0,1.0,0.0,0.0,0.0,0.0,0.0,0.0,0.0,0.0,1.0,0.0,0.0,1
0.35839262304488373,0.87353230247005,1.5363409709127989,0.2321667097675314,1.0,0.0,0.0,0.0,1.0,1.0,0.0,0.0,0.0,0.0,1.0,0.0,1.0,0.0,0.0,0.0,0.0,1.0,0.0,0.0,0.0,1
-0.8289252848418266,0.14828105664454302,-0.5705552152502151,0.9065357634649722,0.0,1.0,0.0,1.0,0.0,1.0,0.0,1.0,0.0,1.0,0.0,0.0,0.0,0.0,1.0,0.0,0.0,1.0,0.0,0.0,0.0,2
0.0,-0.14147504076197664,0.0,-0.005651878059197703,1.0,0.0,1.0,0.0,0.0,1.0,0.0,0.0,0.0,1.0,0.0,0.0,1.0,0.0,0.0,0.0,1.0,0.0,0.0,1.0,0.0,1
-0.49507461853790197,-0.4666806932481356,-0.7828325124222802,-0.2997371792200036,0.0,1.0,0.0,0.0,1.0,1.0,0.0,0.0,1.0,1.0,0.0,1.0,0.0,0.0,1.0,0.0,0.0,0.0,0.0,1.0,0.0,1
-0.7380220226414916,0.03604549553902465,-0.3700788174086827,0.005651878059197677,1.0,0.0,0.0,0.0,0.0,1.0,0.0,1.0,0.0,1.0,0.0,0.0,0.0,0.0,0.0,0.0,0.0,0.0,1.0,0.0,0.0,1
0.31074889937921146,-0.14147504076197664,-1.2485308213769664,-0.1342212109082395,1.0,0.0,0.0,0.0,1.0,1.0,0.0,0.0,0.0,1.0,0.0,0.0,0.0,1.0,0.0,0.0,1.0,0.0,1.0,0.0,0.0,1
-0.42249083595193954,0.4106342498274407,0.0,0.03812557395476565,1.0,0.0,0.0,0.0,1.0,0.0,1.0,1.0,0.0,1.0,0.0,0.0,1.0,0.0,0.0,0.0,1.0,1.0,0.0,0.0,0.0,1
0.4338840765472911,-0.4666806932481356,-1.505504663748035,0.9038688072254812,1.0,0.0,0.0,0.0,1.0,1.0,0.0,0.0,0.0,1.0,0.0,0.0,0.0,0.0,0.0,0.0,0.0,0.0,0.0,1.0,0.0,2
-0.45831441935757034,-0.2667312701702195,-0.08897040035860039,0.005651878059197677,1.0,0.0,0.0,0.0,1.0,1.0,0.0,1.0,0.0,1.0,0.0,0.0,0.0,0.0,0.0,0.0,0.0,1.0,0.0,0.0,0.0,1
-1.3886500168497056,-1.2827134459997478,-0.3700788174086827,-0.1199331277486725,1.0,0.0,0.0,0.0,1.0,1.0,0.0,1.0,0.0,1.0,0.0,0.0,0.0,0.0,0.0,0.0,0.0,1.0,0.0,0.0,0.0,1
0.504925381462098,0.6510747593550796,-0.08897040035860039,-0.21141132070246016,0.0,1.0,0.0,0.0,1.0,1.0,0.0,1.0,0.0,1.0,0.0,0.0,0.0,0.0,0.0,0.0,0.0,0.0,1.0,0.0,0.0,1
-0.49507461853790197,-0.4666806932481356,-0.18023027560624483,0.9313637268996617,1.0,0.0,0.0,0.0,1.0,1.0,0.0,0.0,0.0,1.0,0.0,0.0,1.0,0.0,0.0,0.0,0.0,1.0,0.0,0.0,0.0,1
-0.8289252848418266,-0.14147504076197664,-0.4689194360358664,-0.2629173686710111,0.0,1.0,1.0,0.0,0.0,1.0,0.0,1.0,0.0,1.0,0.0,0.0,0.0,0.0,0.0,0.0,0.0,1.0,0.0,0.0,0.0,1
0.6955056793366761,0.5691417871521733,1.0537008008722661,-0.16390190349047962,1.0,0.0,0.0,0.0,1.0,1.0,0.0,0.0,1.0,0.0,1.0,0.0,0.0,1.0,0.0,0.0,1.0,1.0,0.0,0.0,0.0,1
1.1270914527091336,1.275489163438758,-1.2485308213769664,-0.4242392175889453,1.0,0.0,0.0,0.0,1.0,0.0,1.0,0.0,0.0,1.0,0.0,0.0,0.0,1.0,1.0,0.0,0.0,0.0,0.0,1.0,0.0,1
-0.31368189105609195,0.5333193067518645,0.08678629648152629,-0.22811119912561897,1.0,0.0,0.0,0.0,1.0,0.0,1.0,0.0,0.0,0.0,1.0,0.0,0.0,1.0,0.0,0.0,0.0,0.0,0.0,1.0,0.0,1
-0.49507461853790197,-0.4666806932481356,0.7130439085249491,0.6123267442144855,1.0,0.0,1.0,0.0,0.0,1.0,0.0,1.0,0.0,1.0,0.0,1.0,0.0,0.0,0.0,1.0,0.0,0.0,0.0,0.0,1.0,1
-0.22506272416295112,0.1206469246022938,-0.27389262427685257,0.9273820772994962,0.0,1.0,1.0,0.0,0.0,0.0,0.0,0.0,0.0,1.0,0.0,1.0,0.0,0.0,1.0,0.0,0.0,1.0,0.0,0.0,0.0,2
-0.10776787018252632,0.4106342498274407,0.41396620647960436,-0.06615228948790797,0.0,1.0,1.0,0.0,0.0,1.0,0.0,1.0,0.0,1.0,0.0,0.0,0.0,0.0,0.0,0.0,0.0,1.0,0.0,0.0,0.0,2
-0.6524168904238602,-1.6844624774627173,-1.505504663748035,-0.029028056745496557,1.0,0.0,0.0,0.0,1.0,1.0,0.0,1.0,0.0,1.0,0.0,0.0,0.0,0.0,0.0,1.0,0.0,1.0,0.0,0.0,0.0,2
-0.7380220226414916,0.2824946116564846,1.3633487942445754,-0.09239334732292308,0.0,1.0,0.0,0.0,1.0,1.0,0.0,0.0,0.0,1.0,0.0,0.0,0.0,0.0,0.0,0.0,0.0,1.0,0.0,0.0,0.0,2
0.9558748451019483,0.557249400319938,0.921477805909362,-0.5213861300184538,1.0,0.0,0.0,0.0,0.0,0.0,1.0,0.0,0.0,0.0,1.0,0.0,0.0,1.0,0.0,0.0,1.0,0.0,0.0,0.0,1.0,1
-0.49507461853790197,0.14828105664454302,0.08678629648152629,-0.22811119912561897,1.0,0.0,1.0,0.0,0.0,1.0,0.0,1.0,0.0,0.0,1.0,1.0,0.0,0.0,0.0,1.0,0.0,1.0,0.0,0.0,0.0,2
0.4338840765472911,0.87353230247005,0.41396620647960436,0.9454530999524865,1.0,0.0,0.0,0.0,1.0,0.0,1.0,0.0,0.0,1.0,0.0,0.0,0.0,0.0,0.0,0.0,1.0,0.0,0.0,0.0,1.0,2
0.35839262304488373,0.4106342498274407,0.41396620647960436,0.9438354845423046,0.0,1.0,0.0,0.0,1.0,0.0,1.0,0.0,0.0,1.0,0.0,0.0,0.0,0.0,0.0,0.0,0.0,0.0,0.0,1.0,0.0,1
-0.49507461853790197,-0.0809938100076787,-0.27389262427685257,0.9273820772994962,1.0,0.0,1.0,0.0,0.0,0.0,1.0,0.0,0.0,1.0,0.0,0.0,0.0,0.0,0.0,0.0,1.0,0.0,0.0,0.0,1.0,1
-0.6524168904238602,-1.2827134459997478,-1.2485308213769664,-0.1342212109082395,0.0,1.0,0.0,1.0,0.0,1.0,0.0,0.0,0.0,1.0,0.0,0.0,0.0,0.0,0.0,0.0,1.0,0.0,0.0,1.0,0.0,1
1.086798183075781,0.435589603241997,0.921477805909362,0.0484965647527231,1.0,0.0,0.0,0.0,1.0,0.0,1.0,0.0,0.0,0.0,1.0,0.0,0.0,0.0,0.0,0.0,1.0,0.0,1.0,0.0,0.0,1
-0.49507461853790197,-0.14147504076197664,-1.1264453934983192,0.9091241582197356,0.0,1.0,0.0,0.0,1.0,1.0,0.0,1.0,0.0,1.0,0.0,1.0,0.0,0.0,1.0,0.0,0.0,1.0,0.0,0.0,0.0,2
-0.6524168904238602,-1.0506932492812193,-1.2485308213769664,0.9116374798063247,0.0,1.0,0.0,0.0,1.0,1.0,0.0,1.0,0.0,1.0,0.0,0.0,0.0,0.0,0.0,0.0,0.0,0.0,1.0,0.0,0.0,2
0.578460524078083,0.557249400319938,0.47588051956032607,0.6705774262770389,1.0,0.0,0.0,0.0,0.0,0.0,1.0,0.0,0.0,0.0,1.0,0.0,1.0,0.0,0.0,0.0,1.0,0.0,1.0,0.0,0.0,1
0.6955056793366761,0.786502299106884,1.5920740194781215,0.9116374798063247,1.0,0.0,0.0,0.0,1.0,0.0,1.0,0.0,1.0,0.0,1.0,0.0,0.0,0.0,0.0,0.0,1.0,0.0,0.0,0.0,1.0,1
-0.49507461853790197,-0.4666806932481356,0.41396620647960436,-0.029028056745496557,0.0,1.0,0.0,0.0,1.0,1.0,0.0,1.0,0.0,1.0,0.0,1.0,0.0,0.0,0.0,0.0,0.0,0.0,1.0,0.0,0.0,2
-0.49507461853790197,0.87353230247005,-0.3700788174086827,0.9140790110997692,0.0,1.0,1.0,0.0,0.0,1.0,0.0,0.0,0.0,1.0,0.0,0.0,0.0,0.0,0.0,0.0,0.0,0.0,0.0,0.0,1.0,1
-0.49507461853790197,-0.4666806932481356,0.33499332896376843,0.07834740410238457,0.0,1.0,0.0,0.0,1.0,0.0,1.0,0.0,1.0,1.0,0.0,1.0,0.0,0.0,0.0,0.0,1.0,0.0,1.0,0.0,0.0,2
-0.3534899550590994,-0.4666806932481356,-0.8938166138711714,-0.1199331277486725,0.0,1.0,1.0,0.0,0.0,1.0,0.0,1.0,0.0,1.0,0.0,0.0,0.0,0.0,0.0,0.0,0.0,0.0,1.0,0.0,0.0,2
-0.10776787018252632,-0.14147504076197664,0.5667312529922452,0.9351477116103895,1.0,0.0,1.0,0.0,0.0,1.0,0.0,0.0,0.0,0.0,1.0,0.0,0.0,0.0,0.0,0.0,1.0,0.0,0.0,0.0,1.0,1
-0.7380220226414916,0.87353230247005,-0.4890182852297418,0.5816720875376772,0.0,1.0,0.0,0.0,1.0,1.0,0.0,1.0,0.0,1.0,0.0,0.0,0.0,0.0,0.0,0.0,0.0,1.0,0.0,0.0,0.0,2
-0.48764556254694724,-1.2827134459997478,-0.08897040035860039,-0.005651878059197703,0.0,1.0,1.0,0.0,0.0,1.0,0.0,0.0,0.0,1.0,0.0,0.0,0.0,0.0,1.0,0.0,0.0,0.0,1.0,0.0,0.0,2
-0.36701855928685656,-0.7999187730337263,-1.0082839901963325,0.8953582482863441,1.0,0.0,0.0,0.0,1.0,1.0,0.0,1.0,0.0,1.0,0.0,0.0,1.0,0.0,0.0,0.0,0.0,1.0,0.0,0.0,0.0,1
-0.7380220226414916,-0.14147504076197664,-0.4689194360358664,0.09726012166773601,1.0,0.0,0.0,0.0,1.0,1.0,0.0,1.0,0.0,1.0,0.0,0.0,0.0,0.0,0.0,0.0,0.0,1.0,0.0,0.0,0.0,1
-0.10776787018252632,-1.5419533830086833,-0.675138111442679,0.8892169191558025,0.0,1.0,0.0,0.0,1.0,1.0,0.0,1.0,0.0,0.0,1.0,0.0,0.0,0.0,0.0,0.0,0.0,0.0,1.0,0.0,0.0,2
0.050725209488912036,-0.4666806932481356,0.08678629648152629,0.8511898110092166,1.0,0.0,1.0,0.0,0.0,0.0,1.0,0.0,0.0,1.0,0.0,0.0,0.0,1.0,0.0,0.0,0.0,1.0,0.0,0.0,0.0,1
0.27793088599695814,0.8949081304902564,0.41396620647960436,0.0484965647527231,1.0,0.0,1.0,0.0,0.0,1.0,0.0,0.0,0.0,0.0,1.0,0.0,0.0,0.0,0.0,0.0,0.0,0.0,1.0,0.0,0.0,1
0.9558748451019483,1.275489163438758,0.8533969412968931,0.9116374798063247,1.0,0.0,0.0,0.0,1.0,1.0,0.0,0.0,0.0,1.0,0.0,0.0,0.0,0.0,0.0,0.0,0.0,0.0,0.0,1.0,0.0,2
-0.8289252848418266,-0.6462386837395251,-0.18023027560624483,-0.22811119912561897,1.0,0.0,1.0,0.0,0.0,1.0,0.0,1.0,0.0,1.0,0.0,0.0,0.0,0.0,1.0,0.0,0.0,1.0,0.0,0.0,0.0,2
-0.6524168904238602,-0.14147504076197664,-0.31205714357950753,-0.16390190349047962,0.0,1.0,1.0,0.0,0.0,1.0,0.0,1.0,0.0,1.0,0.0,0.0,0.0,0.0,0.0,0.0,0.0,1.0,0.0,0.0,0.0,2
0.7526370548206079,0.87353230247005,0.7839367543499478,0.09726012166773601,1.0,0.0,1.0,0.0,0.0,1.0,0.0,0.0,0.0,1.0,0.0,0.0,0.0,0.0,0.0,0.0,1.0,0.0,1.0,0.0,0.0,1
0.025610536277271504,-0.14147504076197664,0.5216031999927534,-0.029028056745496557,1.0,0.0,0.0,0.0,1.0,1.0,0.0,1.0,0.0,0.0,1.0,0.0,0.0,1.0,0.0,0.0,0.0,0.0,0.0,0.0,1.0,1
-0.6524168904238602,-0.4666806932481356,-1.0082839901963325,-0.04111848264704096,0.0,1.0,1.0,0.0,0.0,1.0,0.0,0.0,0.0,1.0,0.0,0.0,0.0,0.0,1.0,0.0,0.0,1.0,0.0,0.0,0.0,2
0.4699315840129952,-0.8399130962860476,1.5920740194781215,-0.24527325706539463,0.0,1.0,0.0,0.0,1.0,0.0,1.0,0.0,0.0,1.0,0.0,0.0,0.0,0.0,0.0,0.0,0.0,0.0,0.0,1.0,0.0,1
1.0555377725915094,1.275489163438758,0.921477805909362,0.916451844521164,1.0,0.0,0.0,0.0,1.0,0.0,1.0,0.0,0.0,1.0,0.0,0.0,0.0,0.0,0.0,0.0,1.0,0.0,0.0,1.0,0.0,1
0.7526370548206079,0.24289934664516327,1.6468912430078493,0.10643794921135546,1.0,0.0,0.0,0.0,1.0,0.0,1.0,0.0,0.0,0.0,1.0,0.0,0.0,0.0,0.0,0.0,1.0,0.0,0.0,1.0,0.0,1
0.15249677850752327,0.05854601515100982,0.08486649918288185,0.6767083606381289,0.0,1.0,0.0,0.0,1.0,0.0,0.0,0.0,0.0,1.0,0.0,0.0,1.0,0.0,0.0,0.0,0.0,0.0,0.0,0.0,1.0,1
0.15249677850752327,0.05854601515100982,0.08486649918288185,0.6767083606381289,1.0,0.0,0.0,0.0,1.0,1.0,0.0,1.0,0.0,1.0,0.0,0.0,0.0,0.0,0.0,0.0,0.0,1.0,0.0,0.0,0.0,1
-0.10776787018252632,0.2824946116564846,0.25419384041657195,0.916451844521164,1.0,0.0,1.0,0.0,0.0,1.0,0.0,0.0,0.0,1.0,0.0,0.0,0.0,0.0,0.0,0.0,0.0,1.0,0.0,0.0,0.0,1
0.09953332032785304,-1.0506932492812193,0.24601036039016388,-0.07389385658041679,1.0,0.0,0.0,0.0,1.0,1.0,0.0,0.0,1.0,1.0,0.0,0.0,1.0,0.0,0.0,0.0,0.0,1.0,0.0,0.0,0.0,1
-0.10776787018252632,0.2824946116564846,0.0,0.9253121168375584,1.0,0.0,0.0,0.0,1.0,0.0,1.0,0.0,1.0,0.0,1.0,0.0,0.0,1.0,0.0,0.0,1.0,0.0,0.0,0.0,1.0,1
0.6955056793366761,0.2561595477349604,0.491188388963255,0.7195641553225542,0.0,1.0,0.0,0.0,1.0,0.0,1.0,0.0,0.0,0.0,1.0,0.0,1.0,0.0,0.0,0.0,0.0,0.0,0.0,0.0,1.0,2
0.4338840765472911,0.2824946116564846,0.17148689699830663,-0.005651878059197703,1.0,0.0,0.0,0.0,1.0,1.0,0.0,0.0,0.0,0.0,1.0,0.0,1.0,0.0,0.0,0.0,0.0,0.0,0.0,1.0,0.0,1
-0.49507461853790197,-1.0506932492812193,-1.0082839901963325,-0.005651878059197703,0.0,1.0,0.0,0.0,1.0,1.0,0.0,1.0,0.0,1.0,0.0,0.0,0.0,0.0,0.0,0.0,0.0,0.0,1.0,0.0,0.0,2
-0.01561164021582974,-0.14147504076197664,1.5920740194781215,0.027532749574440313,1.0,0.0,0.0,0.0,1.0,0.0,1.0,0.0,0.0,0.0,1.0,0.0,0.0,1.0,0.0,0.0,0.0,0.0,0.0,0.0,1.0,1
-0.22506272416295112,-0.8399130962860476,-0.08897040035860039,0.9210029161323287,0.0,1.0,1.0,0.0,0.0,1.0,0.0,0.0,0.0,1.0,0.0,0.0,0.0,0.0,1.0,0.0,0.0,1.0,0.0,0.0,0.0,2
0.09953332032785304,0.4106342498274407,-0.18023027560624483,0.9140790110997692,0.0,1.0,0.0,1.0,0.0,0.0,0.0,0.0,0.0,1.0,0.0,1.0,0.0,0.0,1.0,0.0,0.0,1.0,0.0,0.0,0.0,2
0.9558748451019483,1.7980418302808194,0.7130439085249491,0.7427477683320036,1.0,0.0,0.0,0.0,0.0,0.0,1.0,0.0,0.0,0.0,1.0,0.0,0.0,0.0,0.0,0.0,0.0,1.0,0.0,0.0,0.0,1
0.0,-0.007255032033728806,-0.5705552152502151,-0.10599482002465956,1.0,0.0,0.0,1.0,0.0,0.0,1.0,1.0,0.0,1.0,0.0,0.0,0.0,0.0,0.0,0.0,0.0,1.0,0.0,0.0,0.0,1
0.35839262304488373,0.2824946116564846,-1.3747919029993654,-0.19515483562139196,1.0,0.0,0.0,0.0,0.0,0.0,1.0,1.0,0.0,1.0,0.0,0.0,0.0,0.0,0.0,0.0,0.0,0.0,0.0,1.0,0.0,1
-0.10776787018252632,-0.14147504076197664,-1.2485308213769664,0.879203886629681,1.0,0.0,1.0,0.0,0.0,1.0,0.0,1.0,0.0,1.0,0.0,0.0,0.0,0.0,1.0,0.0,0.0,1.0,0.0,0.0,0.0,1
-0.10776787018252632,-0.8399130962860476,-1.64097274248378,-0.21141132070246016,1.0,0.0,0.0,0.0,1.0,1.0,0.0,1.0,0.0,1.0,0.0,0.0,0.0,0.0,1.0,0.0,0.0,1.0,0.0,0.0,0.0,1
-0.8289252848418266,-1.8375920309700413,-2.755797971859397,-0.10599482002465956,1.0,0.0,0.0,0.0,1.0,1.0,0.0,0.0,1.0,1.0,0.0,0.0,0.0,0.0,0.0,0.0,0.0,1.0,0.0,0.0,0.0,1
0.6955056793366761,1.0809259381527097,-0.7828325124222802,-0.47120752773973773,0.0,1.0,0.0,1.0,0.0,1.0,0.0,1.0,0.0,1.0,0.0,0.0,1.0,0.0,1.0,0.0,0.0,1.0,0.0,0.0,0.0,2
-0.49507461853790197,-0.6462386837395251,0.25419384041657195,0.9332794770274182,1.0,0.0,1.0,0.0,0.0,1.0,0.0,1.0,0.0,1.0,0.0,0.0,0.0,0.0,0.0,0.0,0.0,0.0,0.0,1.0,0.0,1
-0.10776787018252632,1.275489163438758,0.9882298222227482,0.005651878059197677,1.0,0.0,0.0,0.0,1.0,0.0,1.0,0.0,1.0,0.0,1.0,0.0,1.0,0.0,0.0,0.0,0.0,0.0,0.0,0.0,1.0,1
0.504925381462098,-0.14147504076197664,-0.7828325124222802,0.8892169191558025,0.0,1.0,1.0,0.0,0.0,1.0,0.0,0.0,0.0,1.0,0.0,0.0,0.0,0.0,0.0,1.0,0.0,1.0,0.0,0.0,0.0,2
-0.6524168904238602,-1.2827134459997478,-0.27389262427685257,0.9116374798063247,0.0,1.0,0.0,0.0,1.0,1.0,0.0,1.0,0.0,1.0,0.0,0.0,0.0,0.0,1.0,0.0,0.0,0.0,1.0,0.0,0.0,2
-0.10776787018252632,-0.4666806932481356,1.3036471212940635,-0.005651878059197703,0.0,1.0,1.0,0.0,0.0,1.0,0.0,0.0,0.0,0.0,1.0,0.0,0.0,0.0,0.0,1.0,0.0,1.0,0.0,0.0,0.0,2
0.6353775764609791,0.6510747593550796,1.700820455461332,0.09726012166773601,0.0,1.0,0.0,0.0,1.0,0.0,1.0,1.0,0.0,0.0,1.0,0.0,0.0,0.0,0.0,0.0,1.0,0.0,1.0,0.0,0.0,1
-0.10776787018252632,-0.4666806932481356,-1.1264453934983192,0.916451844521164,0.0,1.0,1.0,0.0,0.0,1.0,0.0,1.0,0.0,0.0,1.0,1.0,0.0,0.0,0.0,0.0,0.0,1.0,0.0,0.0,0.0,2
-0.10776787018252632,0.87353230247005,0.33499332896376843,0.8982841296178737,0.0,1.0,0.0,0.0,1.0,1.0,0.0,0.0,0.0,1.0,0.0,0.0,0.0,0.0,1.0,0.0,0.0,0.0,1.0,0.0,0.0,2
-0.49507461853790197,-1.2827134459997478,-0.4689194360358664,-0.1199331277486725,1.0,0.0,1.0,0.0,0.0,1.0,0.0,0.0,0.0,1.0,0.0,0.0,0.0,0.0,1.0,0.0,0.0,0.0,0.0,1.0,0.0,1
0.4699315840129952,0.1206469246022938,0.0,-0.017208925134105702,1.0,0.0,1.0,0.0,0.0,1.0,0.0,0.0,0.0,1.0,0.0,0.0,1.0,0.0,0.0,0.0,1.0,0.0,0.0,1.0,0.0,1
-0.49507461853790197,0.87353230247005,-0.3700788174086827,0.8859915446835073,1.0,0.0,0.0,0.0,1.0,1.0,0.0,1.0,0.0,1.0,0.0,0.0,0.0,0.0,0.0,0.0,0.0,1.0,0.0,0.0,0.0,1
-1.0291787432417208,-1.6844624774627173,-1.0082839901963325,-0.2629173686710111,0.0,1.0,1.0,0.0,0.0,1.0,0.0,1.0,0.0,1.0,0.0,0.0,0.0,0.0,0.0,0.0,0.0,1.0,0.0,0.0,0.0,2
0.6658334912607426,-0.21906075197835223,-0.8938166138711714,-0.1199331277486725,1.0,0.0,0.0,0.0,1.0,1.0,0.0,0.0,0.0,1.0,0.0,0.0,1.0,0.0,0.0,0.0,1.0,0.0,1.0,0.0,0.0,1
0.6955056793366761,0.2561595477349604,0.491188388963255,0.7195641553225542,0.0,1.0,0.0,0.0,1.0,0.0,1.0,0.0,0.0,0.0,1.0,0.0,1.0,0.0,0.0,0.0,0.0,0.0,0.0,0.0,1.0,2
0.6353775764609791,0.2824946116564846,0.41396620647960436,0.9140790110997692,1.0,0.0,0.0,1.0,0.0,0.0,1.0,0.0,1.0,0.0,1.0,0.0,1.0,0.0,0.0,0.0,1.0,0.0,0.0,1.0,0.0,1
0.0205286500889268,0.20273960167282892,0.0,0.11543745444291623,1.0,0.0,0.0,0.0,1.0,1.0,0.0,1.0,0.0,1.0,0.0,0.0,0.0,0.0,0.0,0.0,0.0,1.0,0.0,0.0,0.0,1
0.504925381462098,0.5809863562093232,1.3633487942445754,0.9571706920771371,1.0,0.0,0.0,0.0,1.0,0.0,1.0,0.0,0.0,0.0,1.0,0.0,0.0,0.0,0.0,0.0,0.0,0.0,0.0,1.0,0.0,1
-0.6524168904238602,-1.5419533830086833,-0.18023027560624483,0.8719255831163832,0.0,1.0,0.0,0.0,1.0,1.0,0.0,1.0,0.0,1.0,0.0,0.0,0.0,0.0,1.0,0.0,0.0,0.0,1.0,0.0,0.0,2
0.09953332032785304,-0.4666806932481356,0.0,-0.66329806922791,1.0,0.0,0.0,0.0,1.0,1.0,0.0,0.0,0.0,1.0,0.0,0.0,0.0,0.0,0.0,0.0,1.0,0.0,1.0,0.0,0.0,1
0.4699315840129952,-0.14147504076197664,0.0,-0.2997371792200036,1.0,0.0,0.0,0.0,0.0,0.0,1.0,0.0,1.0,1.0,0.0,0.0,0.0,0.0,0.0,0.0,1.0,0.0,0.0,0.0,1.0,1
0.9558748451019483,0.2824946116564846,0.17148689699830663,-0.16390190349047962,1.0,0.0,1.0,0.0,0.0,0.0,1.0,0.0,0.0,0.0,1.0,0.0,0.0,0.0,0.0,0.0,0.0,0.0,0.0,1.0,0.0,2
-0.611434274490539,-1.2827134459997478,-0.5705552152502151,-0.06615228948790797,1.0,0.0,0.0,0.0,1.0,1.0,0.0,0.0,0.0,1.0,0.0,0.0,0.0,0.0,0.0,1.0,0.0,0.0,1.0,0.0,0.0,1
-0.22506272416295112,0.4106342498274407,-0.4689194360358664,-0.06615228948790797,0.0,1.0,0.0,1.0,0.0,1.0,0.0,1.0,0.0,1.0,0.0,1.0,0.0,0.0,1.0,0.0,0.0,1.0,0.0,0.0,0.0,2
-0.8289252848418266,-1.2827134459997478,-0.675138111442679,-0.06615228948790797,1.0,0.0,1.0,0.0,0.0,1.0,0.0,1.0,0.0,1.0,0.0,1.0,0.0,0.0,0.0,1.0,0.0,1.0,0.0,0.0,0.0,1
0.15249677850752327,0.05854601515100982,0.08486649918288185,0.6767083606381289,0.0,1.0,0.0,0.0,1.0,1.0,0.0,1.0,0.0,1.0,0.0,0.0,0.0,0.0,0.0,0.0,0.0,1.0,0.0,0.0,0.0,2
0.27793088599695814,-0.6462386837395251,1.7538882492283794,0.2831247791983556,1.0,0.0,0.0,0.0,1.0,1.0,0.0,1.0,0.0,0.0,1.0,0.0,0.0,0.0,0.0,0.0,0.0,1.0,0.0,0.0,0.0,1
-0.8289252848418266,0.6510747593550796,-0.7178328375123322,0.507025142080119,1.0,0.0,1.0,0.0,0.0,0.0,0.0,0.0,0.0,1.0,0.0,0.0,0.0,0.0,0.0,1.0,0.0,1.0,0.0,0.0,0.0,1
-0.3534899550590994,0.14828105664454302,-0.7828325124222802,0.05865275580468802,1.0,0.0,0.0,0.0,1.0,0.0,1.0,0.0,1.0,1.0,0.0,0.0,0.0,0.0,0.0,0.0,1.0,0.0,0.0,1.0,0.0,1
0.504925381462098,1.7164141430723208,0.1881849389119526,-0.04356996436765588,1.0,0.0,0.0,0.0,0.0,0.0,0.0,1.0,0.0,0.0,1.0,0.0,0.0,1.0,0.0,0.0,1.0,1.0,0.0,0.0,0.0,2
0.5719618837020796,0.87353230247005,0.08678629648152629,0.9187588957273535,1.0,0.0,0.0,0.0,0.0,0.0,1.0,1.0,0.0,1.0,0.0,0.0,0.0,0.0,0.0,0.0,1.0,0.0,0.0,1.0,0.0,1
0.8589005653482882,-1.163729236978531,1.1179360712924595,-0.16390190349047962,1.0,0.0,0.0,0.0,0.0,0.0,0.0,0.0,1.0,1.0,0.0,0.0,0.0,0.0,0.0,0.0,0.0,1.0,0.0,0.0,0.0,1
0.050725209488912036,-1.2827134459997478,-1.4395735344156029,-0.1793239718279714,1.0,0.0,1.0,0.0,0.0,1.0,0.0,0.0,0.0,1.0,0.0,0.0,0.0,0.0,0.0,0.0,0.0,0.0,1.0,0.0,0.0,1
-0.42249083595193954,-1.0506932492812193,-0.675138111442679,0.8953582482863441,1.0,0.0,1.0,0.0,0.0,1.0,0.0,1.0,0.0,1.0,0.0,0.0,0.0,0.0,1.0,0.0,0.0,1.0,0.0,0.0,0.0,1
-0.2877695917106544,-0.14147504076197664,0.33499332896376843,-0.04111848264704096,0.0,1.0,1.0,0.0,0.0,1.0,0.0,1.0,0.0,1.0,0.0,1.0,0.0,0.0,0.0,0.0,0.0,1.0,0.0,0.0,0.0,2
0.9558748451019483,-0.4666806932481356,1.1179360712924595,0.12426388744132393,1.0,0.0,0.0,0.0,0.0,0.0,1.0,0.0,0.0,0.0,1.0,0.0,0.0,0.0,0.0,0.0,0.0,0.0,0.0,1.0,0.0,1
0.0205286500889268,0.07867126695238658,0.0,-0.1342212109082395,1.0,0.0,0.0,0.0,1.0,1.0,0.0,1.0,0.0,1.0,0.0,0.0,0.0,0.0,0.0,0.0,0.0,1.0,0.0,0.0,0.0,1
0.5389189313791445,0.87353230247005,1.4220095787810016,0.8680851300537503,1.0,0.0,0.0,0.0,1.0,1.0,0.0,0.0,0.0,0.0,1.0,0.0,0.0,1.0,0.0,0.0,1.0,0.0,0.0,1.0,0.0,1
0.9558748451019483,1.1601836918289994,-1.0082839901963325,0.882655829116267,1.0,0.0,0.0,0.0,1.0,1.0,0.0,1.0,0.0,1.0,0.0,0.0,0.0,0.0,1.0,0.0,0.0,1.0,0.0,0.0,0.0,1
0.7526370548206079,0.87353230247005,0.17148689699830663,0.5861156226432773,1.0,0.0,0.0,0.0,1.0,0.0,1.0,1.0,0.0,1.0,0.0,0.0,1.0,0.0,0.0,0.0,0.0,0.0,0.0,0.0,1.0,1
0.5719618837020796,0.14828105664454302,1.8061200648749696,-0.14887268850522356,0.0,1.0,0.0,0.0,1.0,0.0,1.0,0.0,0.0,1.0,0.0,0.0,0.0,1.0,0.0,0.0,1.0,1.0,0.0,0.0,0.0,2
-1.3886500168497056,-0.6462386837395251,-0.4689194360358664,0.016710744004113584,1.0,0.0,0.0,0.0,1.0,1.0,0.0,1.0,0.0,1.0,0.0,0.0,0.0,0.0,0.0,0.0,0.0,1.0,0.0,0.0,0.0,1
0.19188668080868743,0.2824946116564846,-0.18023027560624483,-0.06615228948790797,1.0,0.0,0.0,0.0,0.0,0.0,1.0,0.0,0.0,0.0,1.0,0.0,0.0,0.0,0.0,0.0,0.0,0.0,0.0,1.0,0.0,1
-0.49507461853790197,0.2824946116564846,0.25419384041657195,0.10643794921135546,0.0,1.0,0.0,0.0,0.0,1.0,0.0,0.0,0.0,1.0,0.0,0.0,0.0,0.0,0.0,1.0,0.0,1.0,0.0,0.0,0.0,2
-0.3534899550590994,-0.14147504076197664,0.7130439085249491,-0.005651878059197703,1.0,0.0,1.0,0.0,0.0,1.0,0.0,0.0,0.0,1.0,0.0,0.0,1.0,0.0,0.0,0.0,0.0,1.0,0.0,0.0,0.0,1
-0.7380220226414916,0.007255032033728806,-0.8938166138711714,-0.0791164058391352,0.0,1.0,1.0,0.0,0.0,1.0,0.0,1.0,0.0,1.0,0.0,0.0,0.0,0.0,1.0,0.0,0.0,0.0,1.0,0.0,0.0,2
-0.2877695917106544,0.9789592609485801,0.17148689699830663,0.882655829116267,0.0,1.0,0.0,1.0,0.0,1.0,0.0,0.0,0.0,1.0,0.0,0.0,0.0,0.0,1.0,0.0,0.0,1.0,0.0,0.0,0.0,2
0.504925381462098,0.48486436255553295,0.0,-0.06615228948790797,0.0,1.0,0.0,0.0,1.0,0.0,1.0,0.0,0.0,1.0,0.0,0.0,0.0,0.0,0.0,0.0,0.0,0.0,1.0,0.0,0.0,1
0.14654928542492135,-0.2990007563901423,-0.8938166138711714,0.9140790110997692,1.0,0.0,0.0,0.0,1.0,1.0,0.0,1.0,0.0,1.0,0.0,0.0,0.0,1.0,0.0,0.0,0.0,1.0,0.0,0.0,0.0,1
0.5389189313791445,0.2824946116564846,0.7839367543499478,-0.19515483562139196,1.0,0.0,0.0,0.0,0.0,0.0,1.0,0.0,1.0,0.0,1.0,0.0,0.0,1.0,0.0,0.0,1.0,0.0,0.0,0.0,1.0,1
-0.3534899550590994,-0.8399130962860476,-0.18023027560624483,0.05865275580468802,1.0,0.0,1.0,0.0,0.0,1.0,0.0,0.0,0.0,1.0,0.0,1.0,0.0,0.0,0.0,1.0,0.0,1.0,0.0,0.0,0.0,2
-1.0291787432417208,0.4106342498274407,-0.3700788174086827,-0.22811119912561897,1.0,0.0,1.0,0.0,0.0,1.0,0.0,0.0,1.0,1.0,0.0,0.0,0.0,1.0,0.0,0.0,0.0,0.0,0.0,1.0,0.0,1
0.5719618837020796,-0.4666806932481356,-0.38963023616334963,-0.16695439099000933,1.0,0.0,1.0,0.0,0.0,1.0,0.0,1.0,0.0,0.0,1.0,0.0,0.0,0.0,0.0,0.0,0.0,0.0,0.0,1.0,0.0,1
1.0013116865413938,0.460331534527136,0.17148689699830663,0.0484965647527231,1.0,0.0,1.0,0.0,0.0,0.0,1.0,0.0,0.0,1.0,0.0,0.0,0.0,0.0,0.0,0.0,0.0,0.0,0.0,0.0,1.0,1
0.6353775764609791,0.39807515128373905,1.1179360712924595,0.08600362991236529,0.0,1.0,0.0,0.0,1.0,0.0,1.0,0.0,0.0,0.0,1.0,0.0,0.0,1.0,0.0,0.0,1.0,0.0,0.0,0.0,1.0,1
0.09953332032785304,0.4106342498274407,0.17148689699830663,-0.04111848264704096,1.0,0.0,0.0,0.0,1.0,1.0,0.0,0.0,0.0,1.0,0.0,0.0,1.0,0.0,0.0,1.0,0.0,0.0,0.0,0.0,1.0,1
0.504925381462098,-0.14147504076197664,-0.3700788174086827,-0.49587488969787924,1.0,0.0,0.0,0.0,1.0,0.0,1.0,0.0,1.0,1.0,0.0,0.0,0.0,1.0,0.0,0.0,1.0,0.0,0.0,1.0,0.0,1
0.8070269683007294,1.7980418302808194,0.08678629648152629,-0.14296758895496336,1.0,0.0,0.0,1.0,0.0,0.0,1.0,0.0,1.0,1.0,0.0,0.0,1.0,0.0,0.0,0.0,0.0,0.0,0.0,1.0,0.0,1
-0.49507461853790197,-0.3152866217357187,-1.1264453934983192,-0.1199331277486725,0.0,1.0,0.0,1.0,0.0,1.0,0.0,1.0,0.0,0.0,1.0,0.0,0.0,0.0,0.0,0.0,0.0,1.0,0.0,0.0,0.0,2
0.6955056793366761,1.4140589793994287,1.4796629867168676,0.38635586921366355,1.0,0.0,0.0,0.0,0.0,0.0,0.0,0.0,0.0,1.0,0.0,0.0,0.0,0.0,0.0,0.0,1.0,1.0,0.0,0.0,0.0,1
-0.7380220226414916,-0.6462386837395251,0.5667312529922452,-0.05348985383968389,0.0,1.0,0.0,0.0,1.0,0.0,1.0,0.0,0.0,1.0,0.0,1.0,0.0,0.0,0.0,0.0,1.0,1.0,0.0,0.0,0.0,1
1.0013116865413938,0.6510747593550796,0.41396620647960436,0.005651878059197677,1.0,0.0,0.0,0.0,1.0,1.0,0.0,0.0,0.0,1.0,0.0,0.0,0.0,0.0,0.0,0.0,0.0,0.0,0.0,0.0,1.0,1
0.8589005653482882,-0.14147504076197664,-0.4689194360358664,-0.33875462810258544,0.0,1.0,0.0,0.0,1.0,0.0,1.0,0.0,1.0,0.0,1.0,0.0,0.0,1.0,0.0,0.0,1.0,0.0,1.0,0.0,0.0,2
0.35839262304488373,0.20273960167282892,-0.18023027560624483,0.9253121168375584,1.0,0.0,0.0,0.0,1.0,0.0,1.0,0.0,0.0,1.0,0.0,0.0,1.0,0.0,0.0,0.0,1.0,0.0,0.0,0.0,1.0,1
0.8017047117571492,0.8084940398719049,-1.2485308213769664,-0.9137720861649269,1.0,0.0,1.0,0.0,0.0,1.0,0.0,1.0,0.0,1.0,0.0,0.0,1.0,0.0,1.0,0.0,0.0,0.0,0.0,1.0,0.0,1
0.19188668080868743,-0.2667312701702195,-1.0082839901963325,0.9140790110997692,1.0,0.0,0.0,1.0,0.0,1.0,0.0,1.0,0.0,1.0,0.0,0.0,0.0,0.0,1.0,0.0,0.0,1.0,0.0,0.0,0.0,1
0.6353775764609791,0.14828105664454302,1.3633487942445754,0.14141751676999126,1.0,0.0,0.0,0.0,1.0,0.0,1.0,0.0,1.0,1.0,0.0,0.0,0.0,0.0,0.0,0.0,1.0,1.0,0.0,0.0,0.0,1
-0.3534899550590994,-1.2827134459997478,-0.8938166138711714,0.9038688072254812,0.0,1.0,1.0,0.0,0.0,1.0,0.0,1.0,0.0,1.0,0.0,0.0,0.0,0.0,0.0,0.0,0.0,0.0,1.0,0.0,0.0,2
0.19188668080868743,0.9789592609485801,0.7130439085249491,-0.017208925134105702,1.0,0.0,0.0,0.0,1.0,0.0,1.0,1.0,0.0,1.0,0.0,0.0,0.0,0.0,0.0,0.0,0.0,1.0,0.0,0.0,0.0,1
-0.8289252848418266,-0.06608412740645848,-0.7828325124222802,0.9231865043752824,0.0,1.0,0.0,0.0,1.0,1.0,0.0,1.0,0.0,1.0,0.0,0.0,1.0,0.0,0.0,0.0,0.0,0.0,1.0,0.0,0.0,2
-0.49507461853790197,-0.8399130962860476,-0.5705552152502151,-0.1342212109082395,0.0,1.0,0.0,1.0,0.0,1.0,0.0,1.0,0.0,1.0,0.0,1.0,0.0,0.0,0.0,0.0,0.0,0.0,1.0,0.0,0.0,2
0.504925381462098,0.14828105664454302,-1.0082839901963325,-0.22811119912561897,0.0,1.0,0.0,0.0,1.0,1.0,0.0,1.0,0.0,1.0,0.0,0.0,0.0,0.0,0.0,0.0,0.0,1.0,0.0,0.0,0.0,2
0.2569694218462989,0.6510747593550796,0.25419384041657195,-0.017208925134105702,1.0,0.0,0.0,0.0,1.0,1.0,0.0,0.0,0.0,0.0,1.0,0.0,1.0,0.0,0.0,0.0,1.0,0.0,1.0,0.0,0.0,1
-0.6524168904238602,-0.38147370409052994,-0.08897040035860039,-0.1342212109082395,1.0,0.0,0.0,0.0,1.0,1.0,0.0,0.0,0.0,1.0,0.0,0.0,0.0,0.0,0.0,0.0,0.0,0.0,0.0,1.0,0.0,1
-0.22506272416295112,-0.38147370409052994,-0.4689194360358664,-0.21141132070246016,0.0,1.0,0.0,0.0,1.0,1.0,0.0,1.0,0.0,1.0,0.0,0.0,0.0,0.0,0.0,0.0,0.0,1.0,0.0,0.0,0.0,1
0.09953332032785304,-0.4666806932481356,-0.675138111442679,-0.1342212109082395,0.0,1.0,0.0,1.0,0.0,1.0,0.0,0.0,0.0,1.0,0.0,0.0,0.0,0.0,0.0,0.0,0.0,0.0,1.0,0.0,0.0,2
-0.2877695917106544,-0.6462386837395251,-0.08897040035860039,-0.04111848264704096,0.0,1.0,0.0,0.0,1.0,1.0,0.0,0.0,0.0,1.0,0.0,0.0,0.0,0.0,0.0,0.0,0.0,0.0,1.0,0.0,0.0,2
-0.7380220226414916,-0.4666806932481356,0.17148689699830663,0.9011195793113784,1.0,0.0,0.0,0.0,1.0,1.0,0.0,1.0,0.0,1.0,0.0,0.0,0.0,0.0,0.0,0.0,0.0,1.0,0.0,0.0,0.0,2
0.0,-0.007255032033728806,-0.5705552152502151,-0.10599482002465956,1.0,0.0,0.0,1.0,0.0,0.0,1.0,1.0,0.0,1.0,0.0,0.0,0.0,0.0,0.0,0.0,0.0,1.0,0.0,0.0,0.0,1
-0.10776787018252632,1.3685213991248635,-1.0082839901963325,-0.1342212109082395,1.0,0.0,0.0,0.0,1.0,0.0,1.0,1.0,0.0,1.0,0.0,0.0,0.0,0.0,0.0,0.0,0.0,0.0,1.0,0.0,0.0,1
0.35839262304488373,0.5809863562093232,0.41396620647960436,0.8859915446835073,1.0,0.0,0.0,0.0,1.0,0.0,1.0,0.0,0.0,1.0,0.0,0.0,0.0,1.0,0.0,0.0,1.0,1.0,0.0,0.0,0.0,1
0.6955056793366761,0.2824946116564846,0.5667312529922452,-0.1199331277486725,1.0,0.0,0.0,0.0,1.0,0.0,1.0,0.0,1.0,0.0,1.0,0.0,0.0,1.0,0.0,0.0,1.0,0.0,0.0,0.0,1.0,1
0.9558748451019483,0.14828105664454302,1.4220095787810016,-0.06615228948790797,1.0,0.0,0.0,0.0,1.0,0.0,1.0,0.0,0.0,1.0,0.0,0.0,0.0,1.0,0.0,0.0,0.0,0.0,0.0,1.0,0.0,1
0.27793088599695814,0.09273421202006805,0.39831404817866234,0.7780305598036081,1.0,0.0,0.0,0.0,1.0,0.0,1.0,1.0,0.0,1.0,0.0,0.0,0.0,0.0,0.0,0.0,1.0,0.0,0.0,0.0,1.0,1
0.60410042282435,1.3685213991248635,0.41396620647960436,-0.1793239718279714,1.0,0.0,1.0,0.0,0.0,0.0,1.0,0.0,0.0,0.0,1.0,0.0,0.0,1.0,0.0,0.0,0.0,0.0,1.0,0.0,0.0,1
-1.0291787432417208,-0.8399130962860476,-0.7828325124222802,0.9351477116103895,1.0,0.0,0.0,0.0,1.0,1.0,0.0,1.0,0.0,1.0,0.0,0.0,1.0,0.0,0.0,1.0,0.0,0.0,1.0,0.0,0.0,2
-0.42249083595193954,0.87353230247005,-0.7285855776095573,-0.1342212109082395,0.0,1.0,0.0,1.0,0.0,0.0,1.0,0.0,0.0,1.0,0.0,1.0,0.0,0.0,0.0,0.0,0.0,0.0,1.0,0.0,0.0,2
-0.8289252848418266,-0.8399130962860476,-0.7828325124222802,-0.09239334732292308,0.0,1.0,1.0,0.0,0.0,1.0,0.0,1.0,0.0,1.0,0.0,1.0,0.0,0.0,1.0,0.0,0.0,1.0,0.0,0.0,0.0,2
-0.22506272416295112,0.87353230247005,0.17148689699830663,-0.04111848264704096,0.0,1.0,0.0,0.0,0.0,0.0,1.0,1.0,0.0,1.0,0.0,0.0,0.0,0.0,0.0,0.0,1.0,0.0,0.0,1.0,0.0,2
-0.49507461853790197,-1.2827134459997478,-0.8938166138711714,0.9187588957273535,1.0,0.0,0.0,0.0,1.0,1.0,0.0,1.0,0.0,1.0,0.0,1.0,0.0,0.0,1.0,0.0,0.0,1.0,0.0,0.0,0.0,2
0.3188189103522593,-0.1110636526628131,1.4796629867168676,-0.1342212109082395,0.0,1.0,0.0,0.0,1.0,0.0,1.0,0.0,0.0,1.0,0.0,0.0,0.0,0.0,0.0,0.0,0.0,1.0,0.0,0.0,0.0,1
0.14654928542492135,-0.8399130962860476,1.1179360712924595,-0.005651878059197703,1.0,0.0,0.0,0.0,1.0,0.0,0.0,0.0,0.0,0.0,1.0,0.0,0.0,0.0,0.0,0.0,0.0,0.0,1.0,0.0,0.0,1
0.19188668080868743,-0.6462386837395251,-1.0082839901963325,-0.14887268850522356,1.0,0.0,0.0,0.0,1.0,1.0,0.0,1.0,0.0,1.0,0.0,0.0,0.0,0.0,0.0,0.0,0.0,1.0,0.0,0.0,0.0,1
-0.2877695917106544,-0.1110636526628131,-0.4689194360358664,-0.09239334732292308,0.0,1.0,1.0,0.0,0.0,1.0,0.0,1.0,0.0,1.0,0.0,0.0,0.0,0.0,1.0,0.0,0.0,1.0,0.0,0.0,0.0,2
0.050725209488912036,-0.14147504076197664,-0.4689194360358664,-0.10599482002465956,1.0,0.0,1.0,0.0,0.0,1.0,0.0,1.0,0.0,1.0,0.0,0.0,0.0,0.0,0.0,0.0,0.0,1.0,0.0,0.0,0.0,1
0.3967251931629604,-1.2827134459997478,0.41396620647960436,-0.06615228948790797,0.0,1.0,0.0,0.0,1.0,1.0,0.0,1.0,0.0,0.0,1.0,0.0,1.0,0.0,0.0,0.0,0.0,0.0,0.0,1.0,0.0,1
0.4338840765472911,0.2824946116564846,-1.927550702230098,-0.401862351128506,0.0,1.0,0.0,0.0,1.0,1.0,0.0,1.0,0.0,1.0,0.0,0.0,0.0,0.0,0.0,0.0,0.0,1.0,0.0,0.0,0.0,2
0.15249677850752327,0.05854601515100982,0.08486649918288185,0.6767083606381289,1.0,0.0,0.0,0.0,1.0,1.0,0.0,1.0,0.0,1.0,0.0,0.0,0.0,0.0,0.0,0.0,0.0,1.0,0.0,0.0,0.0,1
-0.42249083595193954,0.6510747593550796,-0.5705552152502151,-0.1199331277486725,1.0,0.0,0.0,0.0,1.0,1.0,0.0,1.0,0.0,1.0,0.0,0.0,0.0,0.0,0.0,1.0,0.0,0.0,1.0,0.0,0.0,1
-0.611434274490539,-0.8399130962860476,-0.18023027560624483,0.8953582482863441,0.0,1.0,0.0,1.0,0.0,1.0,0.0,0.0,0.0,1.0,0.0,1.0,0.0,0.0,1.0,0.0,0.0,1.0,0.0,0.0,0.0,2
0.35839262304488373,1.0809259381527097,0.7130439085249491,-0.1342212109082395,1.0,0.0,0.0,0.0,1.0,0.0,1.0,0.0,0.0,1.0,0.0,0.0,0.0,0.0,0.0,0.0,0.0,0.0,0.0,1.0,0.0,1
0.050725209488912036,-0.4666806932481356,-1.0082839901963325,-0.0791164058391352,1.0,0.0,1.0,0.0,0.0,0.0,1.0,0.0,0.0,1.0,0.0,0.0,1.0,0.0,0.0,0.0,0.0,0.0,0.0,1.0,0.0,1
0.3188189103522593,-0.14147504076197664,-0.18023027560624483,0.9065357634649722,1.0,0.0,0.0,0.0,1.0,0.0,1.0,0.0,0.0,1.0,0.0,0.0,0.0,0.0,0.0,0.0,0.0,1.0,0.0,0.0,0.0,2
-0.8289252848418266,-0.8399130962860476,-0.7828325124222802,0.9187588957273535,0.0,1.0,1.0,0.0,0.0,1.0,0.0,1.0,0.0,1.0,0.0,0.0,0.0,0.0,1.0,0.0,0.0,1.0,0.0,0.0,0.0,2
0.9558748451019483,1.4230909858178022,0.7839367543499478,0.9140790110997692,1.0,0.0,0.0,0.0,0.0,1.0,0.0,0.0,1.0,0.0,1.0,0.0,0.0,0.0,0.0,0.0,1.0,1.0,0.0,0.0,0.0,2
0.19188668080868743,-0.14147504076197664,-0.08897040035860039,-0.07389385658041679,0.0,1.0,0.0,0.0,1.0,0.0,0.0,0.0,1.0,0.0,1.0,0.0,1.0,0.0,0.0,0.0,0.0,0.0,0.0,1.0,0.0,1
0.19188668080868743,0.2824946116564846,1.1179360712924595,-0.09239334732292308,1.0,0.0,0.0,0.0,0.0,0.0,1.0,0.0,1.0,1.0,0.0,0.0,1.0,0.0,0.0,0.0,1.0,0.0,0.0,1.0,0.0,1
0.6955056793366761,-0.14147504076197664,0.41396620647960436,-0.21141132070246016,1.0,0.0,0.0,0.0,1.0,0.0,1.0,0.0,0.0,1.0,0.0,0.0,0.0,0.0,0.0,0.0,0.0,0.0,0.0,1.0,0.0,1
-0.8289252848418266,-0.4666806932481356,-0.8938166138711714,0.9065357634649722,1.0,0.0,0.0,0.0,1.0,1.0,0.0,1.0,0.0,1.0,0.0,0.0,0.0,0.0,0.0,0.0,0.0,1.0,0.0,0.0,0.0,2
